filename	onset	offset	event_label
Y0UN02RkbG_U_7.000_17.000.wav	0.000000	0.556845	Cat
Y0UN02RkbG_U_7.000_17.000.wav	1.508121	3.132251	Cat
Y0UN02RkbG_U_7.000_17.000.wav	3.781903	4.733179	Cat
Y0UN02RkbG_U_7.000_17.000.wav	7.610209	8.259861	Cat
Y-6-rh8kbZf0_40.000_50.000.wav	7.911833	9.791183	Speech
Y-6-rh8kbZf0_40.000_50.000.wav	0.000000	10.023202	Blender
Y6ocUrRBIuls_340.000_350.000.wav	0.162413	1.554524	Speech
Y6ocUrRBIuls_340.000_350.000.wav	3.155452	3.897912	Speech
Y6ocUrRBIuls_340.000_350.000.wav	4.988399	6.009281	Speech
Y6ocUrRBIuls_340.000_350.000.wav	7.540603	7.772622	Speech
Y6ocUrRBIuls_340.000_350.000.wav	8.515081	9.907193	Speech
Y6ocUrRBIuls_340.000_350.000.wav	0.000000	10.023202	Vacuum_cleaner
Y7wPIQMsalK8_70.000_80.000.wav	0.000000	10.023202	Running_water
Y-dDpGRPHzM0_30.000_40.000.wav	0.626450	1.252900	Speech
Y-dDpGRPHzM0_30.000_40.000.wav	1.345708	2.552204	Speech
Y-dDpGRPHzM0_30.000_40.000.wav	3.990719	5.034803	Speech
Y-dDpGRPHzM0_30.000_40.000.wav	8.143852	9.860789	Speech
Y-dDpGRPHzM0_30.000_40.000.wav	0.997680	1.206497	Dog
Y-dDpGRPHzM0_30.000_40.000.wav	3.341067	3.944316	Dog
Y-dDpGRPHzM0_30.000_40.000.wav	4.060325	4.895592	Dog
Y-dDpGRPHzM0_30.000_40.000.wav	5.684455	7.679814	Dog
Y-dDpGRPHzM0_30.000_40.000.wav	8.143852	8.167053	Dog
Y-dDpGRPHzM0_30.000_40.000.wav	8.723898	9.767981	Dog
Y97oxHi3qxs8_0.000_10.000.wav	0.000000	0.116009	Dishes
Y57wLY6lcZus_80.000_90.000.wav	0.046404	2.969838	Alarm_bell_ringing
Y57wLY6lcZus_80.000_90.000.wav	3.457077	3.874710	Alarm_bell_ringing
YnsxAMfzY_Wo_160.000_170.000.wav	4.153132	7.517401	Alarm_bell_ringing
YnsxAMfzY_Wo_160.000_170.000.wav	8.863109	9.953596	Alarm_bell_ringing
YnsxAMfzY_Wo_160.000_170.000.wav	0.000000	2.853828	Speech
Yi7VpXVrrTPs_30.000_40.000.wav	0.904872	1.879350	Alarm_bell_ringing
Yi7VpXVrrTPs_30.000_40.000.wav	3.132251	4.431555	Alarm_bell_ringing
Y7HSpbwWrii0_10.000_20.000.wav	7.494200	9.930394	Alarm_bell_ringing
Y7HSpbwWrii0_10.000_20.000.wav	7.563805	10.000000	Cat
Y0XMeGiszPYE_30.000_40.000.wav	0.069606	1.461717	Cat
Y0XMeGiszPYE_30.000_40.000.wav	1.786543	3.828306	Cat
Y0XMeGiszPYE_30.000_40.000.wav	4.570766	6.194896	Cat
Y0XMeGiszPYE_30.000_40.000.wav	7.169374	8.515081	Cat
Y0xciMnHCZL0_30.000_40.000.wav	0.000000	10.023202	Dishes
Y4dujzoc7MHE_170.000_180.000.wav	0.069606	5.104408	Alarm_bell_ringing
Y4dujzoc7MHE_170.000_180.000.wav	6.844548	9.883991	Alarm_bell_ringing
Y9RgAP7X9d6w_10.000_20.000.wav	0.000000	10.023202	Running_water
Y1NYJAJXYyNY_350.000_360.000.wav	0.000000	0.440835	Speech
Y1NYJAJXYyNY_350.000_360.000.wav	1.229698	2.389791	Speech
Y1NYJAJXYyNY_350.000_360.000.wav	3.897912	4.988399	Speech
Y72YnuWh4r-E_90.000_100.000.wav	0.046404	2.621810	Speech
Y72YnuWh4r-E_90.000_100.000.wav	3.526682	4.245940	Speech
Y72YnuWh4r-E_90.000_100.000.wav	4.454756	5.197216	Speech
Y72YnuWh4r-E_90.000_100.000.wav	5.243619	7.494200	Speech
Y72YnuWh4r-E_90.000_100.000.wav	7.865429	9.883991	Speech
Y72YnuWh4r-E_90.000_100.000.wav	0.000000	0.742459	Electric_shaver_toothbrush
Y72YnuWh4r-E_90.000_100.000.wav	0.951276	2.575406	Electric_shaver_toothbrush
Y00pK0GMmE9s_70.000_80.000.wav	0.000000	10.023202	Vacuum_cleaner
YqslWda0kTxA_50.000_60.000.wav	0.139211	0.719258	Speech
YqslWda0kTxA_50.000_60.000.wav	0.765661	1.299304	Speech
YqslWda0kTxA_50.000_60.000.wav	1.832947	2.320186	Speech
YqslWda0kTxA_50.000_60.000.wav	2.505800	2.621810	Speech
YqslWda0kTxA_50.000_60.000.wav	2.737819	2.830626	Speech
YqslWda0kTxA_50.000_60.000.wav	3.062645	6.380510	Speech
YqslWda0kTxA_50.000_60.000.wav	6.566125	7.470998	Speech
YqslWda0kTxA_50.000_60.000.wav	8.422274	8.955916	Speech
YqslWda0kTxA_50.000_60.000.wav	9.025522	9.512761	Speech
YqslWda0kTxA_50.000_60.000.wav	0.000000	10.023202	Dishes
YqslWda0kTxA_50.000_60.000.wav	0.000000	1.345708	Running_water
Y1MYIYf82ZnM_30.000_40.000.wav	0.139211	0.301624	Running_water
Y-2kt5gv42qI_150.000_160.000.wav	0.000000	10.023202	Electric_shaver_toothbrush
Y2wm2zzXz308_60.000_70.000.wav	0.000000	10.023202	Vacuum_cleaner
Y--7jZxfzemI_13.000_23.000.wav	0.000000	1.554524	Dog
Y--7jZxfzemI_13.000_23.000.wav	1.577726	2.853828	Dog
Y--7jZxfzemI_13.000_23.000.wav	3.109049	4.060325	Dog
Y--7jZxfzemI_13.000_23.000.wav	4.849188	6.264501	Dog
Y--7jZxfzemI_13.000_23.000.wav	8.097448	9.675174	Dog
Y--7jZxfzemI_13.000_23.000.wav	0.000000	1.438515	Cat
Y--7jZxfzemI_13.000_23.000.wav	1.763341	1.995360	Cat
Y--7jZxfzemI_13.000_23.000.wav	2.296984	2.598608	Cat
Y--7jZxfzemI_13.000_23.000.wav	5.243619	6.125290	Cat
Y--7jZxfzemI_13.000_23.000.wav	8.352668	9.512761	Cat
Y3eN7ujFJzXQ_170.000_180.000.wav	1.392111	1.902552	Speech
Y3eN7ujFJzXQ_170.000_180.000.wav	2.134571	2.459397	Speech
Y3eN7ujFJzXQ_170.000_180.000.wav	2.830626	4.617169	Speech
Y3eN7ujFJzXQ_170.000_180.000.wav	5.220418	7.494200	Speech
Y3eN7ujFJzXQ_170.000_180.000.wav	8.190255	9.675174	Speech
Y3eN7ujFJzXQ_170.000_180.000.wav	0.000000	9.535963	Dishes
Y3eN7ujFJzXQ_170.000_180.000.wav	0.000000	8.955916	Frying
Y3eN7ujFJzXQ_170.000_180.000.wav	9.095128	9.559165	Frying
Y0cH_NlhhMAs_30.000_40.000.wav	0.510441	1.577726	Alarm_bell_ringing
Y0cH_NlhhMAs_30.000_40.000.wav	1.809745	3.944316	Alarm_bell_ringing
Y0cH_NlhhMAs_30.000_40.000.wav	5.243619	7.401392	Alarm_bell_ringing
Y0cH_NlhhMAs_30.000_40.000.wav	7.563805	9.814385	Alarm_bell_ringing
Y0CYxiRkfVhw_30.000_40.000.wav	0.069606	0.928074	Dog
Y0CYxiRkfVhw_30.000_40.000.wav	2.343387	2.784223	Dog
Y0CYxiRkfVhw_30.000_40.000.wav	2.830626	3.967517	Dog
Y0CYxiRkfVhw_30.000_40.000.wav	5.939675	6.055684	Dog
Y0CYxiRkfVhw_30.000_40.000.wav	6.102088	6.287703	Dog
Y0CYxiRkfVhw_30.000_40.000.wav	7.169374	7.517401	Dog
YCDzXaXXJbEM_10.000_20.000.wav	0.000000	10.023202	Vacuum_cleaner
Y7ZTBswMDOW0_250.000_260.000.wav	0.000000	9.976798	Speech
Y7ZTBswMDOW0_250.000_260.000.wav	0.000000	10.023202	Dishes
Y7ZTBswMDOW0_250.000_260.000.wav	0.092807	9.976798	Frying
Y50Ophs2Ih-4_120.000_130.000.wav	0.000000	5.614849	Speech
Y50Ophs2Ih-4_120.000_130.000.wav	0.000000	10.023202	Running_water
Y2b0EzAqILu0_30.000_40.000.wav	0.928074	1.531323	Cat
Y2b0EzAqILu0_30.000_40.000.wav	2.853828	3.410673	Cat
Y2b0EzAqILu0_30.000_40.000.wav	4.245940	5.197216	Cat
Y2b0EzAqILu0_30.000_40.000.wav	5.290023	5.614849	Cat
Y2b0EzAqILu0_30.000_40.000.wav	6.241299	7.169374	Cat
Y2b0EzAqILu0_30.000_40.000.wav	7.470998	8.027842	Cat
Y2b0EzAqILu0_30.000_40.000.wav	8.352668	8.932715	Cat
YM1-0hqpMYDo_0.000_10.000.wav	0.046404	9.976798	Alarm_bell_ringing
YhlG2-K5ZIkY_80.000_90.000.wav	0.092807	9.071926	Alarm_bell_ringing
YhlG2-K5ZIkY_80.000_90.000.wav	9.350348	9.744780	Alarm_bell_ringing
YKn1DpReuHy0_120.000_130.000.wav	0.812065	1.879350	Speech
YKn1DpReuHy0_120.000_130.000.wav	4.361949	4.872390	Speech
YKn1DpReuHy0_120.000_130.000.wav	5.800464	6.914153	Speech
YKn1DpReuHy0_120.000_130.000.wav	7.146172	9.930394	Speech
YKn1DpReuHy0_120.000_130.000.wav	0.000000	0.139211	Electric_shaver_toothbrush
YKn1DpReuHy0_120.000_130.000.wav	0.812065	1.879350	Electric_shaver_toothbrush
YKn1DpReuHy0_120.000_130.000.wav	4.385151	4.872390	Electric_shaver_toothbrush
YKn1DpReuHy0_120.000_130.000.wav	5.707657	6.774942	Electric_shaver_toothbrush
Y4le_42J5qkU_12.000_22.000.wav	0.000000	0.069606	Cat
Y4le_42J5qkU_12.000_22.000.wav	0.626450	1.461717	Cat
Y2wG2Ar6VRMU_30.000_40.000.wav	8.213457	9.141531	Cat
Y9aNXDP2rv7o_220.000_230.000.wav	0.348028	0.951276	Speech
Y9aNXDP2rv7o_220.000_230.000.wav	1.670534	2.830626	Speech
Y9aNXDP2rv7o_220.000_230.000.wav	4.106729	4.895592	Speech
Y9aNXDP2rv7o_220.000_230.000.wav	5.429234	6.542923	Speech
Y9aNXDP2rv7o_220.000_230.000.wav	8.352668	8.793503	Speech
Y9aNXDP2rv7o_220.000_230.000.wav	0.000000	0.487239	Blender
Y9aNXDP2rv7o_220.000_230.000.wav	0.812065	4.245940	Blender
Y9aNXDP2rv7o_220.000_230.000.wav	4.756381	5.522042	Blender
YUl2QoW9nNls_50.000_60.000.wav	0.000000	10.023202	Dishes
Y1bPtEqPp1ZI_20.000_30.000.wav	0.000000	4.454756	Running_water
YRfbN44xVLWU_150.000_160.000.wav	0.000000	9.953596	Dishes
YRfbN44xVLWU_150.000_160.000.wav	0.069606	10.000000	Frying
Y2yTAfCLLiRs_30.000_40.000.wav	0.162413	0.835267	Alarm_bell_ringing
Y2yTAfCLLiRs_30.000_40.000.wav	4.872390	9.930394	Alarm_bell_ringing
Y2yTAfCLLiRs_30.000_40.000.wav	0.000000	10.023202	Dog
Y-z9G9RrH9so_320.000_330.000.wav	0.069606	1.044084	Speech
Y-z9G9RrH9so_320.000_330.000.wav	1.647332	2.412993	Speech
Y-z9G9RrH9so_320.000_330.000.wav	4.802784	9.582367	Speech
Y-z9G9RrH9so_320.000_330.000.wav	0.000000	10.023202	Blender
Y5Xu5FJLNTHY_500.000_510.000.wav	8.607889	9.907193	Speech
Y5Xu5FJLNTHY_500.000_510.000.wav	0.000000	10.023202	Blender
YDOjo6_9WxCo_30.000_40.000.wav	0.000000	10.023202	Vacuum_cleaner
Y9mdHUoBmtiE_0.000_10.000.wav	4.895592	8.097448	Speech
Y9mdHUoBmtiE_0.000_10.000.wav	8.561485	9.303944	Speech
YHsMCQVHsXSY_470.000_480.000.wav	0.000000	7.424594	Speech
YHsMCQVHsXSY_470.000_480.000.wav	8.097448	8.816705	Speech
YHsMCQVHsXSY_470.000_480.000.wav	0.000000	7.610209	Running_water
YHsMCQVHsXSY_470.000_480.000.wav	8.793503	9.211137	Running_water
Y-LqG7GIW8UQ_110.000_120.000.wav	0.000000	4.431555	Dog
Y494nsqffhTE_40.000_50.000.wav	0.000000	10.023202	Electric_shaver_toothbrush
Y5J603SAj7QM_210.000_220.000.wav	0.000000	4.733179	Dishes
Y5J603SAj7QM_210.000_220.000.wav	0.000000	4.733179	Frying
Y1QK5WA4dK4o_400.000_410.000.wav	0.000000	10.023202	Dishes
Y4WLQloq6iLs_190.000_200.000.wav	0.116009	4.199536	Speech
Y4WLQloq6iLs_190.000_200.000.wav	4.338747	5.127610	Speech
Y4WLQloq6iLs_190.000_200.000.wav	5.568445	6.774942	Speech
Y4WLQloq6iLs_190.000_200.000.wav	8.561485	9.048724	Speech
Y4WLQloq6iLs_190.000_200.000.wav	0.000000	10.023202	Blender
YOTsn73eqbfc_10.000_20.000.wav	0.046404	0.788863	Alarm_bell_ringing
YOTsn73eqbfc_10.000_20.000.wav	0.974478	1.763341	Alarm_bell_ringing
YOTsn73eqbfc_10.000_20.000.wav	1.972158	2.714617	Alarm_bell_ringing
YOTsn73eqbfc_10.000_20.000.wav	2.969838	3.665893	Alarm_bell_ringing
YOTsn73eqbfc_10.000_20.000.wav	4.153132	4.547564	Alarm_bell_ringing
YOTsn73eqbfc_10.000_20.000.wav	4.895592	5.614849	Alarm_bell_ringing
YOTsn73eqbfc_10.000_20.000.wav	5.870070	6.612529	Alarm_bell_ringing
YOTsn73eqbfc_10.000_20.000.wav	6.844548	7.587007	Alarm_bell_ringing
YOTsn73eqbfc_10.000_20.000.wav	7.819026	8.538283	Alarm_bell_ringing
YOTsn73eqbfc_10.000_20.000.wav	8.863109	9.559165	Alarm_bell_ringing
Y-YmyB631yvU_40.000_50.000.wav	0.000000	0.510441	Speech
Y-YmyB631yvU_40.000_50.000.wav	3.665893	5.382831	Speech
Y-YmyB631yvU_40.000_50.000.wav	5.846868	9.651972	Speech
Y-YmyB631yvU_40.000_50.000.wav	0.000000	1.345708	Dishes
Y1asrcrzsvuo_160.000_170.000.wav	0.000000	10.023202	Vacuum_cleaner
Y8fDeRi8Lqyg_40.000_50.000.wav	0.000000	3.341067	Running_water
Y_URfKwl2kYU_130.000_140.000.wav	0.000000	10.023202	Running_water
YSuKtxWhkWjo_40.000_50.000.wav	0.092807	9.953596	Alarm_bell_ringing
Y0cGgIDhIfdA_30.000_40.000.wav	0.000000	10.023202	Dog
Y0cGgIDhIfdA_30.000_40.000.wav	0.000000	10.023202	Dishes
Y-glXSSR3QZM_170.000_180.000.wav	6.055684	9.512761	Alarm_bell_ringing
Y-glXSSR3QZM_170.000_180.000.wav	1.531323	2.389791	Speech
Y-glXSSR3QZM_170.000_180.000.wav	2.946636	3.689095	Speech
Y-glXSSR3QZM_170.000_180.000.wav	3.990719	4.733179	Speech
Y-glXSSR3QZM_170.000_180.000.wav	4.872390	5.777262	Speech
Y-glXSSR3QZM_170.000_180.000.wav	6.705336	8.584687	Speech
Y-glXSSR3QZM_170.000_180.000.wav	8.631090	9.396752	Speech
Y7O_Q7A8LAhI_220.000_230.000.wav	0.000000	10.023202	Vacuum_cleaner
YIuKYDovQ79I_350.000_360.000.wav	0.000000	3.944316	Speech
YIuKYDovQ79I_350.000_360.000.wav	4.501160	5.893271	Speech
YIuKYDovQ79I_350.000_360.000.wav	6.728538	7.146172	Speech
YIuKYDovQ79I_350.000_360.000.wav	7.563805	9.883991	Speech
YIuKYDovQ79I_350.000_360.000.wav	0.000000	2.946636	Dishes
YIuKYDovQ79I_350.000_360.000.wav	3.201856	6.496520	Dishes
Y89TJDppJlKI_20.000_30.000.wav	0.000000	6.751740	Running_water
Y89TJDppJlKI_20.000_30.000.wav	7.006961	7.911833	Running_water
Y89TJDppJlKI_20.000_30.000.wav	8.375870	9.512761	Running_water
YGvWm5TyWgPc_10.000_20.000.wav	0.742459	4.756381	Alarm_bell_ringing
YGvWm5TyWgPc_10.000_20.000.wav	5.127610	8.816705	Alarm_bell_ringing
Y4Yo_DkHXXjI_170.000_180.000.wav	2.645012	3.735499	Speech
Y4Yo_DkHXXjI_170.000_180.000.wav	4.895592	9.976798	Speech
Y4Yo_DkHXXjI_170.000_180.000.wav	0.000000	8.213457	Frying
Y4Yo_DkHXXjI_170.000_180.000.wav	8.306265	8.863109	Frying
Y4Yo_DkHXXjI_170.000_180.000.wav	9.396752	9.930394	Frying
YNLfNL24ZRwE_130.000_140.000.wav	0.000000	10.023202	Cat
YNLfNL24ZRwE_130.000_140.000.wav	0.000000	10.023202	Running_water
Y1eaWEhXlpS0_110.000_120.000.wav	0.000000	5.197216	Running_water
Y1eaWEhXlpS0_110.000_120.000.wav	5.382831	7.401392	Running_water
Y-Bp9Q5aYLOc_70.000_80.000.wav	0.000000	10.023202	Vacuum_cleaner
YhrsczWY36p8_190.000_200.000.wav	0.092807	0.603248	Speech
YhrsczWY36p8_190.000_200.000.wav	1.090487	2.645012	Speech
YhrsczWY36p8_190.000_200.000.wav	5.336427	6.635731	Speech
YhrsczWY36p8_190.000_200.000.wav	0.000000	0.742459	Electric_shaver_toothbrush
YhrsczWY36p8_190.000_200.000.wav	1.136891	2.714617	Electric_shaver_toothbrush
YhrsczWY36p8_190.000_200.000.wav	5.127610	6.658933	Electric_shaver_toothbrush
YFb-PKnTdkF0_40.000_50.000.wav	1.577726	1.786543	Speech
YFb-PKnTdkF0_40.000_50.000.wav	2.088167	2.436195	Speech
YFb-PKnTdkF0_40.000_50.000.wav	6.751740	7.610209	Speech
YFb-PKnTdkF0_40.000_50.000.wav	0.000000	10.023202	Running_water
Y0j-mPw3WpVw_10.000_20.000.wav	0.000000	1.879350	Speech
Y0j-mPw3WpVw_10.000_20.000.wav	3.178654	3.201856	Speech
Y0j-mPw3WpVw_10.000_20.000.wav	3.271462	3.689095	Speech
Y0j-mPw3WpVw_10.000_20.000.wav	4.779582	5.266821	Speech
Y0j-mPw3WpVw_10.000_20.000.wav	9.303944	9.443155	Speech
Y0j-mPw3WpVw_10.000_20.000.wav	0.000000	10.023202	Blender
Y0a8RB5eOGJ4_30.000_40.000.wav	0.069606	0.951276	Dog
Y0a8RB5eOGJ4_30.000_40.000.wav	1.972158	5.638051	Dog
Y0a8RB5eOGJ4_30.000_40.000.wav	7.447796	9.860789	Dog
Y2R7p_Ac26mU_30.000_40.000.wav	0.000000	0.371230	Alarm_bell_ringing
Y2R7p_Ac26mU_30.000_40.000.wav	2.807425	3.341067	Alarm_bell_ringing
Y2R7p_Ac26mU_30.000_40.000.wav	3.596288	9.535963	Alarm_bell_ringing
Y2R7p_Ac26mU_30.000_40.000.wav	0.000000	8.120650	Dishes
YqEK2iFg_wT8_120.000_130.000.wav	0.000000	0.092807	Speech
YqEK2iFg_wT8_120.000_130.000.wav	8.584687	9.187935	Speech
Y0zjb1cI6aEs_13.000_23.000.wav	1.229698	1.902552	Cat
Y0zjb1cI6aEs_13.000_23.000.wav	2.598608	3.410673	Cat
Y0zjb1cI6aEs_13.000_23.000.wav	4.849188	5.846868	Cat
Y0zjb1cI6aEs_13.000_23.000.wav	9.002320	9.512761	Cat
Y5X8F5Sthk4Q_80.000_90.000.wav	0.000000	5.846868	Running_water
Y5X8F5Sthk4Q_80.000_90.000.wav	7.563805	9.071926	Running_water
Y0eh_N-cmcuI_350.000_360.000.wav	7.053364	10.000000	Speech
Y8HbKrFYTWI4_120.000_130.000.wav	0.185615	3.039443	Speech
Y8HbKrFYTWI4_120.000_130.000.wav	3.085847	9.930394	Speech
Y8HbKrFYTWI4_120.000_130.000.wav	0.000000	10.000000	Dishes
Y8HbKrFYTWI4_120.000_130.000.wav	0.162413	0.603248	Frying
Y8HbKrFYTWI4_120.000_130.000.wav	1.044084	9.907193	Frying
Y6gbAtSodiJs_20.000_30.000.wav	1.995360	5.614849	Alarm_bell_ringing
Y6gbAtSodiJs_20.000_30.000.wav	6.798144	7.262181	Alarm_bell_ringing
Y6gbAtSodiJs_20.000_30.000.wav	7.703016	8.491879	Alarm_bell_ringing
Y6gbAtSodiJs_20.000_30.000.wav	9.651972	9.721578	Alarm_bell_ringing
YIXRXuv9v7cM_80.000_90.000.wav	0.185615	1.972158	Alarm_bell_ringing
YIXRXuv9v7cM_80.000_90.000.wav	2.273782	5.034803	Alarm_bell_ringing
YIXRXuv9v7cM_80.000_90.000.wav	5.661253	5.846868	Alarm_bell_ringing
YIXRXuv9v7cM_80.000_90.000.wav	6.890951	7.795824	Alarm_bell_ringing
YIXRXuv9v7cM_80.000_90.000.wav	8.747100	9.860789	Alarm_bell_ringing
YIXRXuv9v7cM_80.000_90.000.wav	0.000000	0.765661	Speech
YIXRXuv9v7cM_80.000_90.000.wav	1.670534	2.993039	Speech
YIXRXuv9v7cM_80.000_90.000.wav	3.480278	3.596288	Speech
YIXRXuv9v7cM_80.000_90.000.wav	3.712297	4.269142	Speech
YIXRXuv9v7cM_80.000_90.000.wav	4.686775	6.890951	Speech
YIXRXuv9v7cM_80.000_90.000.wav	6.960557	8.839907	Speech
Y-naZXDdh9Ps_30.000_40.000.wav	0.000000	10.023202	Dog
Y-naZXDdh9Ps_30.000_40.000.wav	0.000000	4.895592	Dishes
Y-naZXDdh9Ps_30.000_40.000.wav	5.011601	6.426914	Dishes
Y-naZXDdh9Ps_30.000_40.000.wav	6.821346	7.679814	Dishes
Y1-0EYLUEbRo_340.000_350.000.wav	0.139211	0.788863	Speech
Y1-0EYLUEbRo_340.000_350.000.wav	0.951276	6.078886	Speech
Y1-0EYLUEbRo_340.000_350.000.wav	6.148492	7.563805	Speech
Y1-0EYLUEbRo_340.000_350.000.wav	7.981439	9.930394	Speech
Y-mdPX2djAUY_10.000_20.000.wav	0.232019	1.183295	Dog
Y-mdPX2djAUY_10.000_20.000.wav	2.969838	3.944316	Dog
Y-mdPX2djAUY_10.000_20.000.wav	5.011601	6.055684	Dog
Y-mdPX2djAUY_10.000_20.000.wav	7.540603	8.167053	Dog
Y-mdPX2djAUY_10.000_20.000.wav	8.839907	9.883991	Dog
YChKx4LnaiUg_30.000_40.000.wav	0.162413	2.923434	Speech
YChKx4LnaiUg_30.000_40.000.wav	3.016241	3.480278	Speech
YChKx4LnaiUg_30.000_40.000.wav	4.083527	5.962877	Speech
YChKx4LnaiUg_30.000_40.000.wav	6.635731	8.190255	Speech
YChKx4LnaiUg_30.000_40.000.wav	8.631090	9.744780	Speech
YChKx4LnaiUg_30.000_40.000.wav	0.000000	4.060325	Electric_shaver_toothbrush
YKv0-h1ikdL4_0.000_10.000.wav	0.000000	10.023202	Vacuum_cleaner
Y4v9CMU2SXso_260.000_270.000.wav	0.000000	10.023202	Vacuum_cleaner
Y5YpCQdZqbys_270.000_280.000.wav	6.032483	9.953596	Speech
Y5YpCQdZqbys_270.000_280.000.wav	0.000000	10.023202	Vacuum_cleaner
Y2IxkjMrJxng_50.000_60.000.wav	0.162413	8.932715	Running_water
Y0kAaPH2wrvM_140.000_150.000.wav	1.948956	3.294664	Speech
Y0kAaPH2wrvM_140.000_150.000.wav	4.060325	4.779582	Speech
Y0kAaPH2wrvM_140.000_150.000.wav	6.914153	8.955916	Speech
Y0kAaPH2wrvM_140.000_150.000.wav	0.000000	10.023202	Vacuum_cleaner
Y0kAaPH2wrvM_140.000_150.000.wav	0.000000	10.023202	Blender
Y3dnn1v0osio_530.000_540.000.wav	0.046404	1.044084	Alarm_bell_ringing
Y3dnn1v0osio_530.000_540.000.wav	1.229698	3.665893	Alarm_bell_ringing
Y3dnn1v0osio_530.000_540.000.wav	4.477958	5.986079	Alarm_bell_ringing
Y3dnn1v0osio_530.000_540.000.wav	6.983759	8.283063	Alarm_bell_ringing
Y3dnn1v0osio_530.000_540.000.wav	0.208817	1.392111	Speech
Y3dnn1v0osio_530.000_540.000.wav	2.877030	4.617169	Speech
Y3dnn1v0osio_530.000_540.000.wav	5.823666	7.053364	Speech
Y3dnn1v0osio_530.000_540.000.wav	8.445476	8.863109	Speech
Y1juKQIs5ePc_50.000_60.000.wav	0.000000	3.619490	Frying
Y2rEjHi9VQM0_7.000_17.000.wav	2.412993	3.178654	Cat
Y2rEjHi9VQM0_7.000_17.000.wav	3.526682	6.241299	Cat
Y2rEjHi9VQM0_7.000_17.000.wav	6.287703	7.540603	Cat
Y2rEjHi9VQM0_7.000_17.000.wav	7.749420	8.143852	Cat
Y-K0wP_zCTvA_30.000_40.000.wav	0.000000	10.023202	Dog
YDGNPn0onZlY_30.000_40.000.wav	0.162413	0.580046	Alarm_bell_ringing
YDGNPn0onZlY_30.000_40.000.wav	0.742459	1.647332	Alarm_bell_ringing
YDGNPn0onZlY_30.000_40.000.wav	1.716937	9.930394	Alarm_bell_ringing
YDGNPn0onZlY_30.000_40.000.wav	0.000000	10.023202	Electric_shaver_toothbrush
Y5-AIETMDRaI_10.000_20.000.wav	0.000000	10.023202	Running_water
YSb0N-XshN-c_410.000_420.000.wav	0.000000	1.461717	Dog
YSb0N-XshN-c_410.000_420.000.wav	1.693735	6.194896	Dog
YSb0N-XshN-c_410.000_420.000.wav	6.264501	6.774942	Dog
YQmGZDxks87s_100.000_110.000.wav	0.139211	1.577726	Speech
YQmGZDxks87s_100.000_110.000.wav	5.104408	9.559165	Speech
YQmGZDxks87s_100.000_110.000.wav	0.000000	10.023202	Running_water
Y-8ju6V8B5Oc_40.000_50.000.wav	0.000000	10.023202	Running_water
Y1easzswv0OM_130.000_140.000.wav	0.348028	1.438515	Speech
Y1easzswv0OM_130.000_140.000.wav	5.893271	8.352668	Speech
Y1easzswv0OM_130.000_140.000.wav	9.350348	9.953596	Speech
Y1easzswv0OM_130.000_140.000.wav	0.000000	6.635731	Blender
Y1easzswv0OM_130.000_140.000.wav	6.751740	7.378190	Blender
Y1easzswv0OM_130.000_140.000.wav	7.424594	7.842227	Blender
YRzxOif-w7mE_0.000_10.000.wav	0.394432	1.740139	Alarm_bell_ringing
YRzxOif-w7mE_0.000_10.000.wav	0.742459	1.160093	Speech
YRzxOif-w7mE_0.000_10.000.wav	4.431555	6.148492	Speech
YRzxOif-w7mE_0.000_10.000.wav	6.194896	7.262181	Speech
YRzxOif-w7mE_0.000_10.000.wav	7.262181	9.373550	Speech
YRzxOif-w7mE_0.000_10.000.wav	9.628770	9.814385	Speech
Y1KFRlXZfnIA_13.000_23.000.wav	0.000000	9.605568	Cat
Y0XED4i5Jkzw_300.000_310.000.wav	0.394432	0.835267	Dog
Y0XED4i5Jkzw_300.000_310.000.wav	1.206497	1.809745	Dog
Y0XED4i5Jkzw_300.000_310.000.wav	1.972158	2.018561	Dog
Y0XED4i5Jkzw_300.000_310.000.wav	2.064965	2.575406	Dog
Y0XED4i5Jkzw_300.000_310.000.wav	2.900232	3.364269	Dog
Y0XED4i5Jkzw_300.000_310.000.wav	3.410673	5.266821	Dog
Y0XED4i5Jkzw_300.000_310.000.wav	5.452436	6.009281	Dog
Y0XED4i5Jkzw_300.000_310.000.wav	6.148492	8.607889	Dog
Y1ZiKrVqYzVo_30.000_40.000.wav	0.928074	1.716937	Cat
Y1ZiKrVqYzVo_30.000_40.000.wav	4.756381	5.870070	Cat
Y1ZiKrVqYzVo_30.000_40.000.wav	6.566125	7.772622	Cat
YGRO7A7F-IA0_50.000_60.000.wav	0.000000	10.023202	Vacuum_cleaner
YGRO7A7F-IA0_50.000_60.000.wav	0.000000	10.023202	Running_water
YImHzoh9GdKM_60.000_70.000.wav	0.000000	1.577726	Speech
YImHzoh9GdKM_60.000_70.000.wav	1.624130	6.287703	Speech
YImHzoh9GdKM_60.000_70.000.wav	6.705336	9.953596	Speech
YImHzoh9GdKM_60.000_70.000.wav	0.000000	2.505800	Electric_shaver_toothbrush
YImHzoh9GdKM_60.000_70.000.wav	2.621810	6.426914	Electric_shaver_toothbrush
YImHzoh9GdKM_60.000_70.000.wav	6.705336	8.167053	Electric_shaver_toothbrush
Y4gSRzRQie2M_1.000_11.000.wav	0.000000	0.417633	Cat
Y4gSRzRQie2M_1.000_11.000.wav	2.412993	2.923434	Cat
Y4gSRzRQie2M_1.000_11.000.wav	3.480278	4.129930	Cat
YH69K1QTcklQ_300.000_310.000.wav	0.000000	10.023202	Electric_shaver_toothbrush
Y4hMpfbdjIjo_40.000_50.000.wav	0.000000	10.023202	Cat
Y7xX1g_WVYmM_100.000_110.000.wav	0.000000	2.877030	Vacuum_cleaner
YIjgCZlauTl8_40.000_50.000.wav	3.897912	5.313225	Speech
YIjgCZlauTl8_40.000_50.000.wav	6.241299	7.285383	Speech
YIjgCZlauTl8_40.000_50.000.wav	0.000000	8.747100	Dishes
YIjgCZlauTl8_40.000_50.000.wav	8.816705	8.886311	Dishes
YIjgCZlauTl8_40.000_50.000.wav	0.000000	6.682135	Blender
Y1NbotQwFUTg_30.000_40.000.wav	0.000000	10.023202	Dishes
Y1NbotQwFUTg_30.000_40.000.wav	0.000000	10.023202	Running_water
Y6ExErkijGaA_20.000_30.000.wav	0.000000	0.371230	Running_water
Y6ExErkijGaA_20.000_30.000.wav	2.969838	9.605568	Running_water
YJg1jycR1zGQ_30.000_40.000.wav	0.533643	0.858469	Speech
YJg1jycR1zGQ_30.000_40.000.wav	1.136891	2.088167	Speech
YJg1jycR1zGQ_30.000_40.000.wav	2.714617	2.993039	Speech
YJg1jycR1zGQ_30.000_40.000.wav	5.382831	8.538283	Speech
YJg1jycR1zGQ_30.000_40.000.wav	8.631090	9.883991	Speech
YJg1jycR1zGQ_30.000_40.000.wav	0.000000	4.756381	Dishes
YJg1jycR1zGQ_30.000_40.000.wav	0.371230	4.756381	Frying
Y4nv-GOe3h54_110.000_120.000.wav	0.000000	0.742459	Speech
Y4nv-GOe3h54_110.000_120.000.wav	0.812065	1.229698	Speech
Y4nv-GOe3h54_110.000_120.000.wav	1.345708	1.832947	Speech
Y4nv-GOe3h54_110.000_120.000.wav	2.296984	3.387471	Speech
Y4nv-GOe3h54_110.000_120.000.wav	3.874710	5.661253	Speech
Y4nv-GOe3h54_110.000_120.000.wav	5.661253	5.870070	Speech
Y4nv-GOe3h54_110.000_120.000.wav	5.916473	6.867749	Speech
Y4nv-GOe3h54_110.000_120.000.wav	6.890951	6.937355	Speech
Y4nv-GOe3h54_110.000_120.000.wav	7.006961	7.053364	Speech
Y4nv-GOe3h54_110.000_120.000.wav	7.447796	9.767981	Speech
Y4nv-GOe3h54_110.000_120.000.wav	0.000000	10.023202	Dishes
Y3c5KOAOX46I_30.000_40.000.wav	0.000000	10.023202	Dishes
Y9V-F5sW1vk8_20.000_30.000.wav	0.000000	10.023202	Vacuum_cleaner
Y7agGfavyTX4_120.000_130.000.wav	0.000000	10.023202	Vacuum_cleaner
Y02sD1KJeoGA_50.000_60.000.wav	0.000000	10.023202	Dishes
Y02sD1KJeoGA_50.000_60.000.wav	0.000000	10.023202	Frying
YBuCXr4C5RRc_270.000_280.000.wav	0.000000	10.023202	Running_water
Y-GQtDyZq5y4_30.000_40.000.wav	0.069606	6.102088	Dog
Y-GQtDyZq5y4_30.000_40.000.wav	6.450116	7.076566	Dog
Y-GQtDyZq5y4_30.000_40.000.wav	7.842227	9.791183	Dog
Y7bebYVKl7t8_510.000_520.000.wav	0.092807	3.433875	Speech
Y7bebYVKl7t8_510.000_520.000.wav	3.457077	5.777262	Speech
Y7bebYVKl7t8_510.000_520.000.wav	5.823666	8.932715	Speech
Y7bebYVKl7t8_510.000_520.000.wav	9.025522	9.907193	Speech
Y7bebYVKl7t8_510.000_520.000.wav	0.000000	10.023202	Blender
YWC41jM0L1i4_0.000_10.000.wav	0.255220	1.461717	Alarm_bell_ringing
YWC41jM0L1i4_0.000_10.000.wav	1.763341	9.976798	Alarm_bell_ringing
YX_Yu2jbBmVc_3.000_13.000.wav	5.591647	9.327146	Alarm_bell_ringing
Y9wdz8eKr2Qc_20.000_30.000.wav	0.000000	10.023202	Vacuum_cleaner
YG3yk9UXVB9g_20.000_30.000.wav	0.092807	5.174014	Speech
YG3yk9UXVB9g_20.000_30.000.wav	0.000000	0.464037	Blender
YG3yk9UXVB9g_20.000_30.000.wav	0.928074	1.716937	Blender
YG3yk9UXVB9g_20.000_30.000.wav	1.832947	2.946636	Blender
YG3yk9UXVB9g_20.000_30.000.wav	3.039443	3.549884	Blender
YG3yk9UXVB9g_20.000_30.000.wav	3.828306	4.315545	Blender
Y-sgDyi4BY-0_30.000_40.000.wav	0.046404	1.368910	Dog
Y-sgDyi4BY-0_30.000_40.000.wav	1.948956	9.791183	Dog
Y9m96yRfGJ1I_150.000_160.000.wav	4.385151	5.800464	Speech
Y9m96yRfGJ1I_150.000_160.000.wav	6.682135	7.842227	Speech
Y9m96yRfGJ1I_150.000_160.000.wav	8.051044	8.167053	Speech
Y9m96yRfGJ1I_150.000_160.000.wav	0.000000	10.023202	Dishes
YCFQQgBvv2xQ_100.000_110.000.wav	0.000000	10.023202	Vacuum_cleaner
YCFQQgBvv2xQ_100.000_110.000.wav	0.000000	1.577726	Blender
YCFQQgBvv2xQ_100.000_110.000.wav	1.879350	1.902552	Blender
YvKMwxK8ZLYM_50.000_60.000.wav	0.000000	10.023202	Electric_shaver_toothbrush
Y99MfwDS1Vpc_30.000_40.000.wav	0.000000	10.023202	Running_water
YDGbDRGO2qEw_90.000_100.000.wav	0.092807	0.533643	Alarm_bell_ringing
YDGbDRGO2qEw_90.000_100.000.wav	1.925754	2.273782	Alarm_bell_ringing
YDGbDRGO2qEw_90.000_100.000.wav	3.410673	5.986079	Alarm_bell_ringing
YDGbDRGO2qEw_90.000_100.000.wav	0.000000	2.064965	Speech
YDGbDRGO2qEw_90.000_100.000.wav	2.227378	3.619490	Speech
YDGbDRGO2qEw_90.000_100.000.wav	4.593968	5.452436	Speech
YDGbDRGO2qEw_90.000_100.000.wav	5.707657	6.589327	Speech
YDGbDRGO2qEw_90.000_100.000.wav	8.770302	8.909513	Speech
Y-0X1juZHG6I_30.000_40.000.wav	0.000000	10.023202	Running_water
YD-lPu_FeOM0_180.000_190.000.wav	0.000000	0.232019	Blender
Y1U4D63urKlo_90.000_100.000.wav	0.000000	0.835267	Speech
Y1U4D63urKlo_90.000_100.000.wav	1.136891	3.642691	Speech
Y1U4D63urKlo_90.000_100.000.wav	0.185615	0.324826	Frying
Y1U4D63urKlo_90.000_100.000.wav	0.000000	10.023202	Running_water
Y1vp4q7nBedI_420.000_430.000.wav	1.763341	3.039443	Alarm_bell_ringing
Y1vp4q7nBedI_420.000_430.000.wav	4.756381	5.777262	Alarm_bell_ringing
Y1vp4q7nBedI_420.000_430.000.wav	6.867749	7.238979	Speech
Y1vp4q7nBedI_420.000_430.000.wav	8.306265	9.303944	Speech
Y4jkJ3MhsYh0_170.000_180.000.wav	0.232019	0.348028	Running_water
Y4jkJ3MhsYh0_170.000_180.000.wav	0.487239	1.484919	Running_water
Y5aSyIbD6jY4_70.000_80.000.wav	5.197216	5.684455	Speech
Y5aSyIbD6jY4_70.000_80.000.wav	5.823666	5.846868	Speech
Y5aSyIbD6jY4_70.000_80.000.wav	6.032483	6.566125	Speech
Y5aSyIbD6jY4_70.000_80.000.wav	6.658933	7.517401	Speech
Y5aSyIbD6jY4_70.000_80.000.wav	8.491879	8.909513	Speech
Y5aSyIbD6jY4_70.000_80.000.wav	9.280742	9.883991	Speech
Y5aSyIbD6jY4_70.000_80.000.wav	0.000000	10.023202	Blender
YP-svHk3eMiU_60.000_70.000.wav	4.408353	7.122970	Alarm_bell_ringing
YP-svHk3eMiU_60.000_70.000.wav	7.354988	7.563805	Alarm_bell_ringing
Y_HDolAn2_us_60.000_70.000.wav	3.225058	6.960557	Alarm_bell_ringing
Y_HDolAn2_us_60.000_70.000.wav	7.146172	10.000000	Speech
YCNhIye_TpYo_0.000_10.000.wav	3.642691	4.779582	Speech
YCNhIye_TpYo_0.000_10.000.wav	6.542923	7.146172	Speech
YCNhIye_TpYo_0.000_10.000.wav	7.679814	9.605568	Speech
YCNhIye_TpYo_0.000_10.000.wav	0.000000	0.116009	Electric_shaver_toothbrush
YCNhIye_TpYo_0.000_10.000.wav	3.619490	4.895592	Electric_shaver_toothbrush
YCNhIye_TpYo_0.000_10.000.wav	6.357309	7.076566	Electric_shaver_toothbrush
Y2xYCc2ZQF4E_170.000_180.000.wav	0.046404	8.979118	Speech
YiEPr3WdvTM0_150.000_160.000.wav	1.136891	1.740139	Alarm_bell_ringing
YiEPr3WdvTM0_150.000_160.000.wav	4.918794	7.470998	Alarm_bell_ringing
Y0hAK5f1tDok_30.000_40.000.wav	1.392111	1.461717	Cat
Y0hAK5f1tDok_30.000_40.000.wav	6.426914	7.331787	Cat
Yd86YYbaFeRc_30.000_40.000.wav	4.709977	10.000000	Alarm_bell_ringing
Yd86YYbaFeRc_30.000_40.000.wav	0.000000	0.139211	Speech
Yd86YYbaFeRc_30.000_40.000.wav	1.020882	3.596288	Speech
Yd86YYbaFeRc_30.000_40.000.wav	3.642691	4.454756	Speech
Yd86YYbaFeRc_30.000_40.000.wav	6.914153	6.937355	Speech
Yd86YYbaFeRc_30.000_40.000.wav	6.937355	6.983759	Speech
Yd86YYbaFeRc_30.000_40.000.wav	6.983759	7.865429	Speech
Yd86YYbaFeRc_30.000_40.000.wav	8.886311	9.675174	Speech
YJODPEwUPyUE_40.000_50.000.wav	0.000000	10.023202	Speech
YJODPEwUPyUE_40.000_50.000.wav	0.000000	10.023202	Electric_shaver_toothbrush
YDcuiRMRt1gs_30.000_40.000.wav	0.000000	0.069606	Cat
YDcuiRMRt1gs_30.000_40.000.wav	4.292343	4.849188	Cat
YDcuiRMRt1gs_30.000_40.000.wav	0.000000	10.023202	Dishes
YDcuiRMRt1gs_30.000_40.000.wav	0.000000	10.023202	Frying
Y1wTYC26te1E_30.000_40.000.wav	0.000000	0.440835	Cat
Y00pbt6aJV8Y_350.000_360.000.wav	0.000000	10.023202	Vacuum_cleaner
Y-BJNMHMZDcU_50.000_60.000.wav	0.719258	1.020882	Dog
Y-BJNMHMZDcU_50.000_60.000.wav	1.345708	2.343387	Dog
Y-BJNMHMZDcU_50.000_60.000.wav	2.505800	5.150812	Dog
Y-BJNMHMZDcU_50.000_60.000.wav	5.359629	6.403712	Dog
Y-BJNMHMZDcU_50.000_60.000.wav	6.867749	7.865429	Dog
Y-BJNMHMZDcU_50.000_60.000.wav	8.538283	9.883991	Dog
Y0bjUq9XMMmQ_30.000_40.000.wav	0.000000	10.023202	Running_water
Y2o4Vqjzfhko_50.000_60.000.wav	0.000000	10.023202	Running_water
YGZ4zl72qSsY_50.000_60.000.wav	0.069606	1.322506	Running_water
Y-T9PDWg_EeU_30.000_40.000.wav	0.000000	10.023202	Dog
Y5dmvNaIHaBA_350.000_360.000.wav	6.844548	7.911833	Speech
Y5dmvNaIHaBA_350.000_360.000.wav	0.000000	4.663573	Dishes
Y1-uo7YWqF3Q_30.000_40.000.wav	3.085847	3.921114	Cat
Y1-uo7YWqF3Q_30.000_40.000.wav	6.310905	7.517401	Cat
Y1-uo7YWqF3Q_30.000_40.000.wav	9.512761	9.930394	Cat
Y7-Pb33nUWKI_40.000_50.000.wav	0.000000	10.023202	Vacuum_cleaner
YIDrS33tGhJo_140.000_150.000.wav	0.556845	1.948956	Alarm_bell_ringing
YIDrS33tGhJo_140.000_150.000.wav	2.761021	3.364269	Alarm_bell_ringing
YIDrS33tGhJo_140.000_150.000.wav	3.573086	6.774942	Alarm_bell_ringing
YIDrS33tGhJo_140.000_150.000.wav	7.122970	7.703016	Alarm_bell_ringing
YCQYU1BKgEvk_30.000_40.000.wav	0.000000	10.023202	Dishes
YCQYU1BKgEvk_30.000_40.000.wav	0.000000	0.510441	Frying
Y0lUFEAnnET8_30.000_40.000.wav	0.000000	1.577726	Dog
Y0lUFEAnnET8_30.000_40.000.wav	1.600928	4.129930	Dog
Y0lUFEAnnET8_30.000_40.000.wav	4.153132	7.842227	Dog
Y0lUFEAnnET8_30.000_40.000.wav	8.631090	8.979118	Dog
Y4e0riwTv0xY_170.000_180.000.wav	0.208817	0.928074	Speech
Y4e0riwTv0xY_170.000_180.000.wav	3.225058	3.921114	Speech
Y4e0riwTv0xY_170.000_180.000.wav	4.199536	4.338747	Speech
Y4e0riwTv0xY_170.000_180.000.wav	6.542923	7.331787	Speech
Y4e0riwTv0xY_170.000_180.000.wav	8.120650	8.375870	Speech
Y4e0riwTv0xY_170.000_180.000.wav	8.422274	8.468677	Speech
Y4e0riwTv0xY_170.000_180.000.wav	9.257541	9.327146	Speech
Y4e0riwTv0xY_170.000_180.000.wav	9.443155	9.698376	Speech
Y4e0riwTv0xY_170.000_180.000.wav	0.000000	10.023202	Dishes
YAXpA_dWErVc_530.000_540.000.wav	0.000000	10.023202	Dishes
YAXpA_dWErVc_530.000_540.000.wav	0.000000	10.023202	Frying
YBQ7Nj7WJL8U_70.000_80.000.wav	0.046404	0.765661	Speech
YBQ7Nj7WJL8U_70.000_80.000.wav	4.060325	4.988399	Speech
YBQ7Nj7WJL8U_70.000_80.000.wav	7.378190	8.097448	Speech
YBQ7Nj7WJL8U_70.000_80.000.wav	9.002320	9.907193	Speech
YBQ7Nj7WJL8U_70.000_80.000.wav	0.000000	10.023202	Dishes
YBQ7Nj7WJL8U_70.000_80.000.wav	0.000000	10.023202	Frying
Y0izj5OZGtg8_30.000_40.000.wav	1.693735	2.784223	Dog
Y0izj5OZGtg8_30.000_40.000.wav	5.823666	7.331787	Dog
YhPwyvO-Bzt8_570.000_580.000.wav	0.000000	10.023202	Cat
Y13YvwUoLde8_10.000_20.000.wav	0.000000	10.023202	Running_water
YK0OM1kMgtek_30.000_40.000.wav	0.000000	10.023202	Dishes
Y8Y3du2Iw0v4_60.000_70.000.wav	0.000000	3.271462	Speech
Y8Y3du2Iw0v4_60.000_70.000.wav	3.410673	3.503480	Speech
Y8Y3du2Iw0v4_60.000_70.000.wav	3.712297	3.735499	Speech
Y8Y3du2Iw0v4_60.000_70.000.wav	4.524362	5.406032	Speech
Y8Y3du2Iw0v4_60.000_70.000.wav	5.707657	9.907193	Speech
Y8Y3du2Iw0v4_60.000_70.000.wav	0.000000	3.225058	Electric_shaver_toothbrush
Y8Y3du2Iw0v4_60.000_70.000.wav	3.712297	3.828306	Electric_shaver_toothbrush
Y8Y3du2Iw0v4_60.000_70.000.wav	4.361949	5.382831	Electric_shaver_toothbrush
Y8Y3du2Iw0v4_60.000_70.000.wav	0.000000	3.271462	Running_water
Y8Y3du2Iw0v4_60.000_70.000.wav	4.663573	5.127610	Running_water
Y8Y3du2Iw0v4_60.000_70.000.wav	5.197216	5.313225	Running_water
YB4Q6N08yhp8_80.000_90.000.wav	2.737819	3.828306	Speech
YB4Q6N08yhp8_80.000_90.000.wav	7.192575	9.582367	Speech
YB4Q6N08yhp8_80.000_90.000.wav	9.721578	9.814385	Speech
YAwjEqHYHp7I_110.000_120.000.wav	0.000000	2.111369	Speech
YAwjEqHYHp7I_110.000_120.000.wav	2.668213	3.665893	Speech
YAwjEqHYHp7I_110.000_120.000.wav	3.897912	7.911833	Speech
YAwjEqHYHp7I_110.000_120.000.wav	8.259861	9.930394	Speech
YAwjEqHYHp7I_110.000_120.000.wav	0.000000	10.023202	Dishes
YAwjEqHYHp7I_110.000_120.000.wav	0.162413	1.299304	Frying
YAwjEqHYHp7I_110.000_120.000.wav	2.621810	3.457077	Frying
YAwjEqHYHp7I_110.000_120.000.wav	3.851508	5.614849	Frying
YAwjEqHYHp7I_110.000_120.000.wav	5.707657	9.930394	Frying
Y0plDocPM9Ig_80.000_90.000.wav	0.185615	0.208817	Running_water
YMGVGO9mnvMQ_7.000_17.000.wav	0.000000	2.737819	Cat
Y2CSHWGtuxAY_30.000_40.000.wav	0.324826	1.090487	Cat
Y2CSHWGtuxAY_30.000_40.000.wav	1.183295	1.740139	Cat
Y2CSHWGtuxAY_30.000_40.000.wav	1.832947	2.645012	Cat
Y2CSHWGtuxAY_30.000_40.000.wav	3.155452	3.805104	Cat
Y2CSHWGtuxAY_30.000_40.000.wav	6.334107	6.890951	Cat
Y2CSHWGtuxAY_30.000_40.000.wav	7.238979	7.679814	Cat
Y3dVfAVhlAVo_30.000_40.000.wav	0.255220	1.415313	Cat
Y3dVfAVhlAVo_30.000_40.000.wav	4.593968	5.406032	Cat
Y3dVfAVhlAVo_30.000_40.000.wav	6.032483	6.635731	Cat
Y3dVfAVhlAVo_30.000_40.000.wav	6.960557	7.865429	Cat
Y3dVfAVhlAVo_30.000_40.000.wav	8.236659	8.979118	Cat
Y572D_4G9cos_150.000_160.000.wav	5.614849	6.078886	Speech
Y572D_4G9cos_150.000_160.000.wav	6.496520	9.721578	Speech
Y572D_4G9cos_150.000_160.000.wav	0.000000	8.236659	Blender
Y572D_4G9cos_150.000_160.000.wav	8.399072	9.095128	Blender
Y4_MSTYZF8ns_0.000_10.000.wav	0.000000	0.394432	Cat
Y4_MSTYZF8ns_0.000_10.000.wav	2.296984	3.109049	Cat
Y4_MSTYZF8ns_0.000_10.000.wav	8.955916	9.489559	Cat
Y-Y2x_3lyCqY_10.000_20.000.wav	0.046404	2.923434	Dog
Y-Y2x_3lyCqY_10.000_20.000.wav	3.341067	9.930394	Dog
Y3oZLoVYIHFQ_50.000_60.000.wav	0.000000	10.023202	Vacuum_cleaner
YKGET1dnWDnQ_30.000_40.000.wav	2.412993	5.266821	Alarm_bell_ringing
YKGET1dnWDnQ_30.000_40.000.wav	8.422274	9.953596	Alarm_bell_ringing
Y6VQuHBq0IXg_30.000_40.000.wav	0.719258	1.763341	Alarm_bell_ringing
Y6VQuHBq0IXg_30.000_40.000.wav	1.972158	3.642691	Alarm_bell_ringing
Y6VQuHBq0IXg_30.000_40.000.wav	6.473318	8.932715	Alarm_bell_ringing
Y6VQuHBq0IXg_30.000_40.000.wav	0.000000	0.069606	Speech
Y6VQuHBq0IXg_30.000_40.000.wav	1.508121	1.972158	Speech
Y6VQuHBq0IXg_30.000_40.000.wav	3.874710	5.730858	Speech
Y6VQuHBq0IXg_30.000_40.000.wav	8.955916	9.907193	Speech
Y0BnyrbZz8Jk_30.000_40.000.wav	0.580046	9.953596	Dog
Y369SnL621UI_0.000_10.000.wav	0.092807	1.392111	Cat
Y4Z62K7wv6Po_280.000_290.000.wav	0.000000	1.531323	Speech
Y4Z62K7wv6Po_280.000_290.000.wav	2.320186	9.559165	Speech
Y4Z62K7wv6Po_280.000_290.000.wav	9.605568	9.907193	Speech
Y4Z62K7wv6Po_280.000_290.000.wav	0.000000	10.023202	Dishes
Y4Z62K7wv6Po_280.000_290.000.wav	0.301624	1.902552	Frying
Y4Z62K7wv6Po_280.000_290.000.wav	2.134571	6.589327	Frying
Y4Z62K7wv6Po_280.000_290.000.wav	7.540603	9.489559	Frying
Y1tFkjBMoUkM_90.000_100.000.wav	1.067285	2.598608	Alarm_bell_ringing
Y1tFkjBMoUkM_90.000_100.000.wav	2.784223	3.294664	Alarm_bell_ringing
Y1tFkjBMoUkM_90.000_100.000.wav	4.570766	5.081206	Alarm_bell_ringing
Y1tFkjBMoUkM_90.000_100.000.wav	1.415313	1.531323	Speech
Y1tFkjBMoUkM_90.000_100.000.wav	2.296984	4.454756	Speech
Y1tFkjBMoUkM_90.000_100.000.wav	5.266821	8.027842	Speech
Y1tFkjBMoUkM_90.000_100.000.wav	8.375870	9.535963	Speech
YB5-S_Jl0qWg_10.000_20.000.wav	0.000000	10.023202	Vacuum_cleaner
YKa1vVow0j6w_40.000_50.000.wav	0.000000	10.023202	Vacuum_cleaner
Y53UtJp-9UYM_100.000_110.000.wav	0.000000	10.023202	Vacuum_cleaner
Y53UtJp-9UYM_100.000_110.000.wav	0.000000	0.487239	Running_water
Y4gyuJnj9iWw_110.000_120.000.wav	5.313225	6.798144	Speech
Y4gyuJnj9iWw_110.000_120.000.wav	6.960557	7.656613	Speech
Y4gyuJnj9iWw_110.000_120.000.wav	7.703016	8.167053	Speech
Y4gyuJnj9iWw_110.000_120.000.wav	9.257541	9.930394	Speech
Y-kCWX1wjibc_30.000_40.000.wav	0.000000	10.023202	Dog
Y-9P1IlNEgsM_0.000_8.000.wav	0.000000	7.958237	Dog
Y5qx1HGIWJww_170.000_180.000.wav	0.000000	0.696056	Speech
Y5qx1HGIWJww_170.000_180.000.wav	1.600928	2.993039	Speech
Y5qx1HGIWJww_170.000_180.000.wav	3.503480	5.290023	Speech
Y5qx1HGIWJww_170.000_180.000.wav	9.605568	9.837587	Speech
Y5qx1HGIWJww_170.000_180.000.wav	0.000000	0.324826	Dishes
Y5qx1HGIWJww_170.000_180.000.wav	0.324826	1.392111	Dishes
Y5qx1HGIWJww_170.000_180.000.wav	0.000000	1.415313	Frying
Y5qx1HGIWJww_170.000_180.000.wav	1.600928	6.658933	Frying
Y5qx1HGIWJww_170.000_180.000.wav	6.751740	7.726218	Frying
Y5qx1HGIWJww_170.000_180.000.wav	8.120650	8.561485	Frying
Y0R4uO4Vy9c0_110.000_120.000.wav	0.046404	0.603248	Cat
Y0R4uO4Vy9c0_110.000_120.000.wav	0.626450	1.252900	Cat
Y0R4uO4Vy9c0_110.000_120.000.wav	1.693735	3.085847	Cat
Y2zGw5RW79xI_30.000_40.000.wav	0.000000	2.157773	Speech
Y2zGw5RW79xI_30.000_40.000.wav	5.754060	6.241299	Speech
Y2zGw5RW79xI_30.000_40.000.wav	0.000000	10.023202	Running_water
Y0um2ui52eyo_60.000_70.000.wav	0.000000	10.023202	Running_water
Y5UMWvLV5DGU_40.000_50.000.wav	3.062645	7.401392	Alarm_bell_ringing
Y9xFa6pE7120_270.000_280.000.wav	0.046404	3.758701	Speech
Y9xFa6pE7120_270.000_280.000.wav	3.828306	6.287703	Speech
Y9xFa6pE7120_270.000_280.000.wav	6.612529	9.883991	Speech
Y9xFa6pE7120_270.000_280.000.wav	0.000000	10.023202	Dishes
Y9xFa6pE7120_270.000_280.000.wav	0.000000	0.394432	Frying
Y9xFa6pE7120_270.000_280.000.wav	0.510441	6.218097	Frying
Y39PfIe5CrPU_30.000_40.000.wav	3.109049	4.315545	Alarm_bell_ringing
Y39PfIe5CrPU_30.000_40.000.wav	0.000000	0.487239	Speech
YBO6t_yaF-vM_20.000_30.000.wav	0.000000	10.023202	Dishes
YBO6t_yaF-vM_20.000_30.000.wav	0.000000	10.023202	Running_water
YG8mATrGBVYs_40.000_50.000.wav	0.000000	10.023202	Vacuum_cleaner
Y19UacScA26s_70.000_80.000.wav	0.000000	10.023202	Dishes
YRcquN5Lwo34_0.000_10.000.wav	0.000000	10.023202	Dishes
YRcquN5Lwo34_0.000_10.000.wav	0.000000	1.090487	Frying
YGMBup-GU8oM_40.000_50.000.wav	0.000000	10.023202	Vacuum_cleaner
YGMBup-GU8oM_40.000_50.000.wav	0.000000	10.023202	Electric_shaver_toothbrush
YCYQJHHZsfA0_20.000_30.000.wav	0.000000	10.023202	Vacuum_cleaner
YK_J3sr7Q8nM_40.000_50.000.wav	4.315545	5.313225	Dog
YK_J3sr7Q8nM_40.000_50.000.wav	5.522042	6.171694	Dog
YAyl4EbZXANQ_280.000_290.000.wav	4.593968	7.470998	Speech
YAyl4EbZXANQ_280.000_290.000.wav	7.517401	8.979118	Speech
YAyl4EbZXANQ_280.000_290.000.wav	0.000000	6.798144	Blender
Y5iT-5fccnC8_70.000_80.000.wav	0.000000	10.023202	Vacuum_cleaner
YE31PuovQDic_380.000_390.000.wav	0.000000	10.023202	Dishes
YE31PuovQDic_380.000_390.000.wav	0.000000	8.422274	Frying
Y1WdoejoSGj8_60.000_70.000.wav	0.000000	10.023202	Dishes
Y1WdoejoSGj8_60.000_70.000.wav	0.000000	10.023202	Frying
Y1eOhQvtQHm0_160.000_170.000.wav	0.928074	2.088167	Speech
Y1eOhQvtQHm0_160.000_170.000.wav	4.477958	9.907193	Speech
Y1eOhQvtQHm0_160.000_170.000.wav	0.000000	10.023202	Blender
Y18-ffRBe48A_20.000_30.000.wav	0.000000	1.740139	Running_water
Y18-ffRBe48A_20.000_30.000.wav	1.786543	1.902552	Running_water
YgY1k1H3JwLw_30.000_40.000.wav	0.046404	1.368910	Speech
YgY1k1H3JwLw_30.000_40.000.wav	1.461717	2.645012	Speech
YgY1k1H3JwLw_30.000_40.000.wav	3.016241	4.547564	Speech
YgY1k1H3JwLw_30.000_40.000.wav	4.686775	5.545244	Speech
YgY1k1H3JwLw_30.000_40.000.wav	0.000000	10.023202	Running_water
YofDKJJpUhuY_80.000_90.000.wav	0.069606	5.498840	Alarm_bell_ringing
YofDKJJpUhuY_80.000_90.000.wav	6.078886	7.958237	Alarm_bell_ringing
YofDKJJpUhuY_80.000_90.000.wav	8.607889	9.698376	Alarm_bell_ringing
Y-HmpSQ-yFFc_0.000_10.000.wav	0.092807	0.394432	Speech
Y-HmpSQ-yFFc_0.000_10.000.wav	1.020882	1.136891	Speech
Y-HmpSQ-yFFc_0.000_10.000.wav	1.229698	1.322506	Speech
Y-HmpSQ-yFFc_0.000_10.000.wav	2.134571	2.621810	Speech
Y-HmpSQ-yFFc_0.000_10.000.wav	2.923434	6.890951	Speech
Y-HmpSQ-yFFc_0.000_10.000.wav	7.099768	9.211137	Speech
Y-HmpSQ-yFFc_0.000_10.000.wav	9.257541	9.860789	Speech
YHGJA33enbP8_40.000_50.000.wav	0.000000	0.185615	Running_water
Y-PxusaPCH98_30.000_40.000.wav	0.324826	0.858469	Dog
Y-PxusaPCH98_30.000_40.000.wav	1.044084	1.554524	Dog
Y-PxusaPCH98_30.000_40.000.wav	1.948956	2.459397	Dog
Y-PxusaPCH98_30.000_40.000.wav	5.266821	6.542923	Dog
Y-PxusaPCH98_30.000_40.000.wav	6.844548	7.331787	Dog
Y-PxusaPCH98_30.000_40.000.wav	8.607889	9.141531	Dog
Y-PxusaPCH98_30.000_40.000.wav	9.419954	9.837587	Dog
Y-YEkSU7gXLw_30.000_40.000.wav	0.000000	1.786543	Dog
Y-YEkSU7gXLw_30.000_40.000.wav	1.879350	3.457077	Dog
Y-YEkSU7gXLw_30.000_40.000.wav	3.944316	4.037123	Dog
Y-YEkSU7gXLw_30.000_40.000.wav	4.779582	5.197216	Dog
YzmEIzXrDprw_0.000_10.000.wav	1.136891	3.271462	Alarm_bell_ringing
Y21u5DMRvEhs_30.000_40.000.wav	0.000000	10.023202	Dishes
Y30N8kpX42Nc_30.000_40.000.wav	0.000000	10.023202	Cat
Y8lhDSLRfZ8Q_350.000_360.000.wav	0.000000	5.777262	Running_water
Y-furRVKz4ac_30.000_40.000.wav	0.092807	9.930394	Dog
YU7iyCO9sKxA_360.000_370.000.wav	1.484919	3.805104	Alarm_bell_ringing
YU7iyCO9sKxA_360.000_370.000.wav	0.000000	0.440835	Speech
YU7iyCO9sKxA_360.000_370.000.wav	1.044084	2.134571	Speech
YU7iyCO9sKxA_360.000_370.000.wav	2.552204	2.830626	Speech
YU7iyCO9sKxA_360.000_370.000.wav	3.294664	4.477958	Speech
YU7iyCO9sKxA_360.000_370.000.wav	5.034803	9.025522	Speech
YE3SHLh_qAeg_90.000_100.000.wav	0.000000	10.023202	Vacuum_cleaner
Y3evdpIZimWE_90.000_100.000.wav	1.856148	1.925754	Speech
Y3evdpIZimWE_90.000_100.000.wav	1.995360	2.111369	Speech
Y3evdpIZimWE_90.000_100.000.wav	4.849188	5.058005	Speech
Y3evdpIZimWE_90.000_100.000.wav	6.171694	6.635731	Speech
Y3evdpIZimWE_90.000_100.000.wav	7.958237	9.327146	Speech
Y3evdpIZimWE_90.000_100.000.wav	0.000000	10.023202	Vacuum_cleaner
Y3evdpIZimWE_90.000_100.000.wav	0.000000	10.023202	Blender
Y4MdNHt91DHM_30.000_40.000.wav	0.000000	0.116009	Cat
Y4MdNHt91DHM_30.000_40.000.wav	1.368910	2.041763	Cat
Y4MdNHt91DHM_30.000_40.000.wav	2.204176	2.807425	Cat
Y4MdNHt91DHM_30.000_40.000.wav	3.526682	4.153132	Cat
Y4MdNHt91DHM_30.000_40.000.wav	5.359629	5.962877	Cat
Y4MdNHt91DHM_30.000_40.000.wav	6.380510	7.285383	Cat
Y4MdNHt91DHM_30.000_40.000.wav	7.517401	8.399072	Cat
Y4MdNHt91DHM_30.000_40.000.wav	9.048724	9.535963	Cat
Y0eNfQDAbn_Y_20.000_30.000.wav	0.000000	0.185615	Dog
Y0eNfQDAbn_Y_20.000_30.000.wav	0.278422	0.974478	Dog
Y0eNfQDAbn_Y_20.000_30.000.wav	1.368910	9.883991	Dog
YT04eSlGI3K0_20.000_30.000.wav	0.000000	10.023202	Electric_shaver_toothbrush
YNQklJ9BEiLA_110.000_120.000.wav	0.000000	10.023202	Vacuum_cleaner
YNQklJ9BEiLA_110.000_120.000.wav	0.000000	10.023202	Electric_shaver_toothbrush
YBMiWTybWmiQ_30.000_40.000.wav	0.000000	0.858469	Speech
YBMiWTybWmiQ_30.000_40.000.wav	2.064965	4.269142	Speech
YBMiWTybWmiQ_30.000_40.000.wav	5.916473	7.146172	Speech
YBMiWTybWmiQ_30.000_40.000.wav	0.000000	10.023202	Blender
Y221Ia1cD5dQ_22.000_32.000.wav	0.232019	9.837587	Cat
Y1FADrYkCEjY_30.000_40.000.wav	0.185615	1.067285	Alarm_bell_ringing
Y1FADrYkCEjY_30.000_40.000.wav	1.252900	3.294664	Speech
Y1FADrYkCEjY_30.000_40.000.wav	3.294664	9.419954	Speech
Y0d8dFoWQ2KA_30.000_40.000.wav	0.000000	10.023202	Dog
Y2U6aYsjc1UM_130.000_140.000.wav	0.208817	1.600928	Speech
Y2U6aYsjc1UM_130.000_140.000.wav	2.343387	6.705336	Speech
Y2U6aYsjc1UM_130.000_140.000.wav	9.095128	9.721578	Speech
Y2U6aYsjc1UM_130.000_140.000.wav	0.000000	0.278422	Blender
Y2U6aYsjc1UM_130.000_140.000.wav	0.788863	0.904872	Blender
Y2U6aYsjc1UM_130.000_140.000.wav	1.508121	2.737819	Blender
Y2U6aYsjc1UM_130.000_140.000.wav	2.784223	4.106729	Blender
Y0m5K90TnZhI_30.000_40.000.wav	0.000000	10.000000	Dog
Y1VPLhdQgQyE_2.000_12.000.wav	5.058005	5.661253	Cat
Y1VPLhdQgQyE_2.000_12.000.wav	7.819026	8.259861	Cat
Y1VPLhdQgQyE_2.000_12.000.wav	9.025522	9.605568	Cat
Y-4ZFguO-v8M_50.000_60.000.wav	0.000000	0.765661	Dog
Y-4ZFguO-v8M_50.000_60.000.wav	1.299304	2.343387	Dog
Y-4ZFguO-v8M_50.000_60.000.wav	2.552204	6.171694	Dog
Y-4ZFguO-v8M_50.000_60.000.wav	7.494200	8.027842	Dog
Y-4ZFguO-v8M_50.000_60.000.wav	8.306265	8.329466	Dog
Y-4ZFguO-v8M_50.000_60.000.wav	9.048724	9.605568	Dog
YAagLJkfrFMk_60.000_70.000.wav	0.000000	1.716937	Running_water
YAagLJkfrFMk_60.000_70.000.wav	2.180974	2.784223	Running_water
YTUOyN4QdPyY_160.000_170.000.wav	0.000000	1.113689	Speech
YTUOyN4QdPyY_160.000_170.000.wav	1.693735	3.155452	Speech
YTUOyN4QdPyY_160.000_170.000.wav	3.503480	9.953596	Speech
YTUOyN4QdPyY_160.000_170.000.wav	1.832947	2.691415	Frying
YIbEqfqTarSQ_210.000_220.000.wav	0.000000	10.023202	Vacuum_cleaner
Y2DF8mtDke8k_460.000_470.000.wav	0.092807	8.120650	Speech
Y2DF8mtDke8k_460.000_470.000.wav	0.000000	10.023202	Dishes
Y2DF8mtDke8k_460.000_470.000.wav	0.000000	10.000000	Frying
Y2DF8mtDke8k_460.000_470.000.wav	0.000000	10.023202	Running_water
Y4hjW385XyHE_30.000_40.000.wav	0.788863	1.345708	Cat
Y4hjW385XyHE_30.000_40.000.wav	3.828306	4.222738	Cat
Y4hjW385XyHE_30.000_40.000.wav	4.408353	5.197216	Cat
Y4hjW385XyHE_30.000_40.000.wav	6.542923	7.447796	Cat
Y4hjW385XyHE_30.000_40.000.wav	8.259861	8.979118	Cat
Y5H6OZJ71DHo_0.000_10.000.wav	0.000000	10.023202	Running_water
Y0lNm9pXXHxA_0.000_9.000.wav	0.000000	3.132251	Dog
Y0lNm9pXXHxA_0.000_9.000.wav	3.433875	9.930394	Dog
YBfsxrvRNJe0_100.000_110.000.wav	0.000000	0.649652	Speech
YBfsxrvRNJe0_100.000_110.000.wav	1.090487	1.786543	Speech
YBfsxrvRNJe0_100.000_110.000.wav	9.396752	9.907193	Speech
YCFlJ3s8bThc_10.000_20.000.wav	0.000000	8.561485	Dishes
YCFlJ3s8bThc_10.000_20.000.wav	0.000000	10.023202	Running_water
YCUpj8e4vfr0_10.000_20.000.wav	0.000000	10.023202	Vacuum_cleaner
Y530yiQ7x99E_570.000_580.000.wav	0.000000	0.278422	Speech
Y530yiQ7x99E_570.000_580.000.wav	1.368910	1.461717	Speech
Y530yiQ7x99E_570.000_580.000.wav	1.600928	2.505800	Speech
Y530yiQ7x99E_570.000_580.000.wav	2.714617	3.990719	Speech
Y530yiQ7x99E_570.000_580.000.wav	4.013921	4.153132	Speech
Y530yiQ7x99E_570.000_580.000.wav	0.000000	3.410673	Blender
Y2KFRad_OEVM_30.000_40.000.wav	1.206497	1.925754	Cat
YF91ueYOdGfI_400.000_410.000.wav	1.368910	9.234339	Alarm_bell_ringing
Y0sYcEVTfF2E_0.000_10.000.wav	0.000000	0.487239	Speech
Y0sYcEVTfF2E_0.000_10.000.wav	0.556845	2.041763	Speech
Y0sYcEVTfF2E_0.000_10.000.wav	2.296984	4.570766	Speech
Y0sYcEVTfF2E_0.000_10.000.wav	8.120650	8.863109	Speech
Y0sYcEVTfF2E_0.000_10.000.wav	0.000000	2.761021	Running_water
Y0sYcEVTfF2E_0.000_10.000.wav	2.877030	3.109049	Running_water
Y0sYcEVTfF2E_0.000_10.000.wav	3.132251	3.294664	Running_water
Y4ks0_dkWNGw_10.000_20.000.wav	8.120650	8.886311	Cat
Y0q87keOtUNQ_21.000_31.000.wav	0.000000	9.675174	Dog
Y0q87keOtUNQ_21.000_31.000.wav	1.809745	2.853828	Cat
Y0q87keOtUNQ_21.000_31.000.wav	3.689095	4.686775	Cat
Y0q87keOtUNQ_21.000_31.000.wav	5.962877	6.751740	Cat
Y0q87keOtUNQ_21.000_31.000.wav	9.118329	9.628770	Cat
Y6PwBeL3Abl8_60.000_70.000.wav	0.000000	1.252900	Speech
Y6PwBeL3Abl8_60.000_70.000.wav	2.598608	4.361949	Speech
Y6PwBeL3Abl8_60.000_70.000.wav	9.373550	9.675174	Speech
Y6PwBeL3Abl8_60.000_70.000.wav	0.000000	0.255220	Blender
Y6PwBeL3Abl8_60.000_70.000.wav	0.928074	0.997680	Blender
Y6PwBeL3Abl8_60.000_70.000.wav	1.322506	1.531323	Blender
Y6PwBeL3Abl8_60.000_70.000.wav	1.995360	2.529002	Blender
Y6PwBeL3Abl8_60.000_70.000.wav	2.552204	3.062645	Blender
Y-9OUFFMZTuk_50.000_60.000.wav	0.000000	0.951276	Dog
Y-9OUFFMZTuk_50.000_60.000.wav	1.206497	2.412993	Dog
Y-9OUFFMZTuk_50.000_60.000.wav	4.593968	4.941995	Dog
Y-9OUFFMZTuk_50.000_60.000.wav	6.774942	7.354988	Dog
Y-9OUFFMZTuk_50.000_60.000.wav	8.143852	8.700696	Dog
Y-9OUFFMZTuk_50.000_60.000.wav	9.582367	9.837587	Dog
YTNo-Rtxix7s_220.000_230.000.wav	0.000000	1.113689	Dishes
YTNo-Rtxix7s_220.000_230.000.wav	1.113689	1.392111	Dishes
YTNo-Rtxix7s_220.000_230.000.wav	1.484919	1.577726	Dishes
YTNo-Rtxix7s_220.000_230.000.wav	0.000000	10.023202	Running_water
YI_qBcFL7rys_0.000_3.000.wav	0.046404	1.461717	Alarm_bell_ringing
YI_qBcFL7rys_0.000_3.000.wav	1.508121	2.993039	Alarm_bell_ringing
YI_qBcFL7rys_0.000_3.000.wav	3.109049	9.814385	Alarm_bell_ringing
Y19PS9dyGe64_100.000_110.000.wav	0.858469	1.160093	Running_water
Y-vmRy0dU5kQ_0.000_5.000.wav	0.255220	4.292343	Dog
Y-vmRy0dU5kQ_0.000_5.000.wav	4.361949	4.593968	Dog
YjSlHfmxMjpA_150.000_160.000.wav	2.064965	4.338747	Alarm_bell_ringing
YjSlHfmxMjpA_150.000_160.000.wav	4.129930	4.918794	Speech
YjSlHfmxMjpA_150.000_160.000.wav	5.011601	6.102088	Speech
YjSlHfmxMjpA_150.000_160.000.wav	6.241299	7.192575	Speech
YjSlHfmxMjpA_150.000_160.000.wav	7.656613	9.095128	Speech
YAaFnWKLyP-o_160.000_170.000.wav	0.069606	2.737819	Alarm_bell_ringing
YAaFnWKLyP-o_160.000_170.000.wav	3.573086	5.823666	Alarm_bell_ringing
YAaFnWKLyP-o_160.000_170.000.wav	5.545244	7.262181	Speech
Y3W20yc8TE1s_30.000_40.000.wav	5.684455	6.102088	Speech
Y3W20yc8TE1s_30.000_40.000.wav	7.401392	7.935035	Speech
Y3W20yc8TE1s_30.000_40.000.wav	8.700696	9.327146	Speech
Y3W20yc8TE1s_30.000_40.000.wav	4.593968	5.475638	Cat
